StartDate,EndDate,Status,IPAddress,Progress,Duration (in seconds),Finished,RecordedDate,ResponseId,RecipientLastName,RecipientFirstName,RecipientEmail,ExternalReference,LocationLatitude,LocationLongitude,DistributionChannel,UserLanguage,modal_retraction,modal_falsity,MR_time_First Click,MR_time_Last Click,MR_time_Page Submit,MR_time_Click Count,attitude_retraction,attitude_falsity,attitude_time_First Click,attitude_time_Last Click,attitude_time_Page Submit,attitude_time_Click Count,non_retraction,non_falsity,non_time_First Click,non_time_Last Click,non_time_Page Submit,non_time_Click Count,DemoInstr,Age,Gender,Gender_3_TEXT,Ethnicity,Ethnicity_6_TEXT,Education,SES,FL_28_DO,Modal_DO,Attitude_DO,Non-modal_DO
2/19/2019 10:13,2/19/2019 10:13,0,,100,29,1,2/19/2019 10:13,R_z99JUD1UkcraUrn,,,,,,,anonymous,EN,,,,,,,,,,,,,7,,5.759,5.759,6.796,1,,31,1,,5,,5,7,Non-modal,,,non-modal|non_retraction|non_time
2/19/2019 10:13,2/19/2019 10:13,0,,100,37,1,2/19/2019 10:13,R_2ANft0QTNCHVgLV,,,,,,,anonymous,EN,,,,,,,,,,,,,,7,6.027,16.075,16.596,3,,25,1,,5,,5,5,Non-modal,,,non-modal|non_falsity|non_time
2/19/2019 10:13,2/19/2019 10:13,0,,100,30,1,2/19/2019 10:13,R_3D6H3yTgvqU8b4F,,,,,,,anonymous,EN,,1,4.791,11.299,13.113,9,,,,,,,,,,,,,,25,1,,1,,5,10,Modal,modal|modal_falsity|MR_time,,
2/19/2019 10:13,2/19/2019 10:13,0,,100,34,1,2/19/2019 10:13,R_1LuGZKIF4GfPG9r,,,,,,,anonymous,EN,,1,13.93,15.743,16.451,5,,,,,,,,,,,,,,30,2,,5,,6,4,Modal,modal|modal_falsity|MR_time,,
2/19/2019 10:13,2/19/2019 10:13,0,,100,41,1,2/19/2019 10:13,R_1k2gEXuKFaXDz8W,,,,,,,anonymous,EN,,,,,,,,6,18.884,20.092,20.906,2,,,,,,,,33,1,,5,,4,6,Attitude,,Attitude|attitude_falsity|attitude_time,
2/19/2019 10:13,2/19/2019 10:13,0,,100,34,1,2/19/2019 10:13,R_9v1jzcmjUDAQLTj,,,,,,,anonymous,EN,,,,,,,7,,11.418,12.535,12.99,2,,,,,,,,32,1,,5,,5,4,Attitude,,Attitude|attitude_retraction|attitude_time,
2/19/2019 10:13,2/19/2019 10:13,0,,100,37,1,2/19/2019 10:13,R_1jsaAHkQJlCWna5,,,,,,,anonymous,EN,7,,15.675,15.675,16.278,1,,,,,,,,,,,,,,39,2,,5,,2,5,Modal,modal|modal_retraction|MR_time,,
2/19/2019 10:13,2/19/2019 10:14,0,,100,33,1,2/19/2019 10:14,R_3oG5DRLyjeBKNyS,,,,,,,anonymous,EN,,,,,,,,,,,,,7,,3.09,14.719,15.362,2,,40,2,,1,,4,4,Non-modal,,,non-modal|non_retraction|non_time
2/19/2019 10:13,2/19/2019 10:14,0,,100,36,1,2/19/2019 10:14,R_3kBruv8jUr5TtwG,,,,,,,anonymous,EN,,,,,,,6,,4.99,4.99,5.858,1,,,,,,,,27,1,,1,,4,5,Attitude,,Attitude|attitude_retraction|attitude_time,
2/19/2019 10:13,2/19/2019 10:14,0,,100,40,1,2/19/2019 10:14,R_3rVwfTXxRxmHtvl,,,,,,,anonymous,EN,,,,,,,,1,24.185,24.185,25.329,1,,,,,,,,28,1,,5,,6,4,Attitude,,Attitude|attitude_falsity|attitude_time,
2/19/2019 10:13,2/19/2019 10:14,0,,100,57,1,2/19/2019 10:14,R_XnuytbsoJFMozD3,,,,,,,anonymous,EN,7,,21.527,21.527,31.662,1,,,,,,,,,,,,,,40,2,,5,,2,2,Modal,modal|modal_retraction|MR_time,,
2/19/2019 10:13,2/19/2019 10:14,0,,100,40,1,2/19/2019 10:14,R_1LkeMXEPp1P9TSG,,,,,,,anonymous,EN,,,,,,,5,,14.162,15.176,16.43,2,,,,,,,,26,1,,5,,2,8,Attitude,,Attitude|attitude_retraction|attitude_time,
2/19/2019 10:13,2/19/2019 10:14,0,,100,58,1,2/19/2019 10:14,R_1BQNTJswH3omNlZ,,,,,,,anonymous,EN,7,,29.407,29.567,30.165,2,,,,,,,,,,,,,,34,1,,1,,4,8,Modal,modal|modal_retraction|MR_time,,
2/19/2019 10:13,2/19/2019 10:14,0,,100,53,1,2/19/2019 10:14,R_3JhkDa11CoUCMSa,,,,,,,anonymous,EN,,,,,,,7,,19.579,19.579,20.936,1,,,,,,,,63,1,,5,,5,4,Attitude,,Attitude|attitude_retraction|attitude_time,
2/19/2019 10:13,2/19/2019 10:14,0,,100,45,1,2/19/2019 10:14,R_ZlTE1UWxDBFBsop,,,,,,,anonymous,EN,,,,,,,,,,,,,6,,4.792,20.147,21.134,3,,26,2,,5,,5,7,Non-modal,,,non-modal|non_retraction|non_time
2/19/2019 10:14,2/19/2019 10:14,0,,100,23,1,2/19/2019 10:14,R_AO2AD0kAJyox6Zb,,,,,,,anonymous,EN,,,,,,,4,,1.385,1.387,2.577,2,,,,,,,,31,1,,5,,5,6,Attitude,,Attitude|attitude_retraction|attitude_time,
2/19/2019 10:13,2/19/2019 10:14,0,,100,31,1,2/19/2019 10:14,R_10JzaOsfJLmqFe9,,,,,,,anonymous,EN,5,,3.501,4.118,5.995,2,,,,,,,,,,,,,,26,1,,2,,5,6,Modal,modal|modal_retraction|MR_time,,
2/19/2019 10:13,2/19/2019 10:14,0,,100,58,1,2/19/2019 10:14,R_26gvoGYg20tQsd1,,,,,,,anonymous,EN,,,,,,,,2,3.341,32.348,33.292,7,,,,,,,,30,1,,3,,5,6,Attitude,,Attitude|attitude_falsity|attitude_time,
2/19/2019 10:13,2/19/2019 10:14,0,,100,31,1,2/19/2019 10:14,R_2c8l1hjdT6DN1n7,,,,,,,anonymous,EN,,,,,,,,7,13.62,13.62,14.07,1,,,,,,,,27,1,,1,,5,6,Attitude,,Attitude|attitude_falsity|attitude_time,
2/19/2019 10:13,2/19/2019 10:14,0,,100,50,1,2/19/2019 10:14,R_2bJ1vNAVUvVsRky,,,,,,,anonymous,EN,,,,,,,,,,,,,7,,15.187,15.187,16.144,1,,45,2,,5,,4,9,Non-modal,,,non-modal|non_retraction|non_time
2/19/2019 10:13,2/19/2019 10:14,0,,100,62,1,2/19/2019 10:14,R_1ocd0CccxRRlKg4,,,,,,,anonymous,EN,,7,7.46,7.46,7.857,1,,,,,,,,,,,,,,24,2,,5,,5,8,Modal,modal|modal_falsity|MR_time,,
2/19/2019 10:13,2/19/2019 10:14,0,,100,43,1,2/19/2019 10:14,R_0AjLniRYEkS3FsJ,,,,,,,anonymous,EN,,,,,,,,,,,,,,7,16.163,16.163,19.787,1,,29,1,,5,,3,8,Non-modal,,,non-modal|non_falsity|non_time
2/19/2019 10:13,2/19/2019 10:14,0,,100,42,1,2/19/2019 10:14,R_2zBy1K5WbNDI2ii,,,,,,,anonymous,EN,,,,,,,,,,,,,5,,18.871,18.871,19.861,1,,46,2,,5,,4,5,Non-modal,,,non-modal|non_retraction|non_time
2/19/2019 10:13,2/19/2019 10:14,0,,100,52,1,2/19/2019 10:14,R_31XzCt5w7grdiRO,,,,,,,anonymous,EN,,4,0.6,29.993,30.756,14,,,,,,,,,,,,,,28,2,,5,,6,3,Modal,modal|modal_falsity|MR_time,,
2/19/2019 10:13,2/19/2019 10:14,0,,100,75,1,2/19/2019 10:14,R_1jK9j9WjddRfM6b,,,,,,,anonymous,EN,,,,,,,7,,25.735,27.285,40.613,3,,,,,,,,38,1,,2,,5,5,Attitude,,Attitude|attitude_retraction|attitude_time,
2/19/2019 10:13,2/19/2019 10:14,0,,100,63,1,2/19/2019 10:14,R_1Q5dVpdK5reVkti,,,,,,,anonymous,EN,,,,,,,,,,,,,,7,34.947,40.3,41.166,5,,54,1,,2,,5,9,Non-modal,,,non-modal|non_falsity|non_time
2/19/2019 10:14,2/19/2019 10:14,0,,100,31,1,2/19/2019 10:14,R_wMoqil1N12zUrkJ,,,,,,,anonymous,EN,7,,12.732,13.148,14.148,2,,,,,,,,,,,,,,36,1,,5,,5,6,Modal,modal|modal_retraction|MR_time,,
2/19/2019 10:13,2/19/2019 10:14,0,,100,52,1,2/19/2019 10:14,R_2Ua6PLR6NbpnX5H,,,,,,,anonymous,EN,,7,27.046,27.046,28.238,1,,,,,,,,,,,,,,49,1,,5,,4,6,Modal,modal|modal_falsity|MR_time,,
2/19/2019 10:14,2/19/2019 10:14,0,,100,32,1,2/19/2019 10:14,R_3kAhpxHu4PciR6e,,,,,,,anonymous,EN,7,,2.708,11.404,12.154,29,,,,,,,,,,,,,,30,2,,5,,5,6,Modal,modal|modal_retraction|MR_time,,
2/19/2019 10:14,2/19/2019 10:14,0,,100,44,1,2/19/2019 10:14,R_30krYghpkGdwIMF,,,,,,,anonymous,EN,,,,,,,,,,,,,,5,3.941,5.153,6.253,3,,35,2,,,,6,1,Non-modal,,,non-modal|non_falsity|non_time
2/19/2019 10:14,2/19/2019 10:14,0,,100,45,1,2/19/2019 10:14,R_2B3863dkHxyENF5,,,,,,,anonymous,EN,,,,,,,,,,,,,7,,18.239,18.239,19.685,1,,25,2,,5,,5,4,Non-modal,,,non-modal|non_retraction|non_time
2/19/2019 10:13,2/19/2019 10:14,0,,100,67,1,2/19/2019 10:14,R_BRoir21WoczTFfz,,,,,,,anonymous,EN,4,,34.789,35.82,36.18,2,,,,,,,,,,,,,,36,2,,1,,6,7,Modal,modal|modal_retraction|MR_time,,
2/19/2019 10:14,2/19/2019 10:14,0,,100,30,1,2/19/2019 10:14,R_2ElOviri3PXTULF,,,,,,,anonymous,EN,,,,,,,,1,1.124,14.971,15.151,2,,,,,,,,30,1,,5,,3,7,Attitude,,Attitude|attitude_falsity|attitude_time,
2/19/2019 10:14,2/19/2019 10:14,0,,100,39,1,2/19/2019 10:14,R_31bXj64Go56ISUZ,,,,,,,anonymous,EN,,,,,,,,,,,,,,6,20.064,20.064,20.607,1,,26,1,,5,,5,3,Non-modal,,,non-modal|non_falsity|non_time
2/19/2019 10:14,2/19/2019 10:14,0,,100,29,1,2/19/2019 10:14,R_bpgFGgjpt4Sarnj,,,,,,,anonymous,EN,,,,,,,,,,,,,7,,11.302,11.302,12.13,1,,34,1,,5,,2,7,Non-modal,,,non-modal|non_retraction|non_time
2/19/2019 10:14,2/19/2019 10:14,0,,100,57,1,2/19/2019 10:14,R_1OCcSuRjdppwUtN,,,,,,,anonymous,EN,,,,,,,6,,28.018,31.034,32.054,2,,,,,,,,34,1,,5,,4,7,Attitude,,Attitude|attitude_retraction|attitude_time,
2/19/2019 10:14,2/19/2019 10:14,0,,100,36,1,2/19/2019 10:14,R_O1jwoREryTQNehP,,,,,,,anonymous,EN,,,,,,,4,,8.867,12.933,13.293,5,,,,,,,,25,1,,3,,5,4,Attitude,,Attitude|attitude_retraction|attitude_time,
2/19/2019 10:13,2/19/2019 10:15,0,,100,89,1,2/19/2019 10:15,R_1JISHprOBTaRuhM,,,,,,,anonymous,EN,,,,,,,,,,,,,,7,38.091,38.091,39.975,1,,45,2,,5,,2,9,Non-modal,,,non-modal|non_falsity|non_time
2/19/2019 10:14,2/19/2019 10:15,0,,100,56,1,2/19/2019 10:15,R_aavPuspiHdUqoKd,,,,,,,anonymous,EN,,,,,,,,,,,,,7,,18.89,18.89,19.772,1,,27,1,,5,,5,8,Non-modal,,,non-modal|non_retraction|non_time
2/19/2019 10:14,2/19/2019 10:15,0,,100,41,1,2/19/2019 10:15,R_00L7bgwrrHtUedj,,,,,,,anonymous,EN,,,,,,,7,,17.201,17.72,18.772,2,,,,,,,,28,2,,2,,5,5,Attitude,,Attitude|attitude_retraction|attitude_time,
2/19/2019 10:14,2/19/2019 10:15,0,,100,54,1,2/19/2019 10:15,R_27paVPdE0dJIjJs,,,,,,,anonymous,EN,7,,1.456,25.373,26.241,3,,,,,,,,,,,,,,35,1,,5,,4,4,Modal,modal|modal_retraction|MR_time,,
2/19/2019 10:14,2/19/2019 10:15,0,,100,45,1,2/19/2019 10:15,R_XSVRnywjwvqfOo1,,,,,,,anonymous,EN,,,,,,,,,,,,,,6,22.446,22.446,23.317,1,,61,1,,5,,6,7,Non-modal,,,non-modal|non_falsity|non_time
2/19/2019 10:14,2/19/2019 10:15,0,,100,65,1,2/19/2019 10:15,R_1rxCJur5z0I8t0I,,,,,,,anonymous,EN,,7,24.292,26.314,27.308,2,,,,,,,,,,,,,,34,2,,5,,4,7,Modal,modal|modal_falsity|MR_time,,
2/19/2019 10:14,2/19/2019 10:15,0,,100,49,1,2/19/2019 10:15,R_1ItPHAqWMNppsgC,,,,,,,anonymous,EN,,1,0.822,13.088,14.302,29,,,,,,,,,,,,,,19,1,,3,,4,8,Modal,modal|modal_falsity|MR_time,,
2/19/2019 10:14,2/19/2019 10:15,0,,100,67,1,2/19/2019 10:15,R_2Vln7xKbDyvazp5,,,,,,,anonymous,EN,,,,,,,,7,35.97,35.97,36.93,1,,,,,,,,31,1,,5,,5,8,Attitude,,Attitude|attitude_falsity|attitude_time,
2/19/2019 10:14,2/19/2019 10:15,0,,100,46,1,2/19/2019 10:15,R_1BQaW9p9yt5cmUE,,,,,,,anonymous,EN,,,,,,,6,,14.916,17.838,19.345,9,,,,,,,,29,2,,5,,5,4,Attitude,,Attitude|attitude_retraction|attitude_time,
2/19/2019 10:13,2/19/2019 10:15,0,,100,87,1,2/19/2019 10:15,R_SP5g8Cl7bj1cQZX,,,,,,,anonymous,EN,,1,33.354,33.354,41.029,1,,,,,,,,,,,,,,34,1,,5,,5,5,Modal,modal|modal_falsity|MR_time,,
2/19/2019 10:14,2/19/2019 10:15,0,,100,41,1,2/19/2019 10:15,R_1Nw7fZk0h3BhXlG,,,,,,,anonymous,EN,,,,,,,,,,,,,6,,17.041,20.154,21.307,3,,30,2,,2,,6,5,Non-modal,,,non-modal|non_retraction|non_time
2/19/2019 10:14,2/19/2019 10:15,0,,100,33,1,2/19/2019 10:15,R_2zVbsob1qu8q5e9,,,,,,,anonymous,EN,,,,,,,,,,,,,7,,10.228,10.228,10.968,1,,27,2,,5,,5,6,Non-modal,,,non-modal|non_retraction|non_time
2/19/2019 10:14,2/19/2019 10:15,0,,100,66,1,2/19/2019 10:15,R_10CxbaMsyvTPuVm,,,,,,,anonymous,EN,,,,,,,,4,26.891,26.891,27.575,1,,,,,,,,31,1,,5,,6,5,Attitude,,Attitude|attitude_falsity|attitude_time,
2/19/2019 10:14,2/19/2019 10:15,0,,100,73,1,2/19/2019 10:15,R_5BxLwrsqYADun4d,,,,,,,anonymous,EN,,1,37.686,37.686,38.605,1,,,,,,,,,,,,,,34,1,,5,,4,5,Modal,modal|modal_falsity|MR_time,,
2/19/2019 10:13,2/19/2019 10:15,0,,100,107,1,2/19/2019 10:15,R_rlrpbTddjOAyO1H,,,,,,,anonymous,EN,7,,29.719,29.719,31.159,1,,,,,,,,,,,,,,61,2,,5,,2,6,Modal,modal|modal_retraction|MR_time,,
2/19/2019 10:14,2/19/2019 10:15,0,,100,35,1,2/19/2019 10:15,R_DxdZvXO1OMF5lYt,,,,,,,anonymous,EN,,,,,,,,7,14.54,14.54,16.609,1,,,,,,,,29,1,,5,,5,8,Attitude,,Attitude|attitude_falsity|attitude_time,
2/19/2019 10:13,2/19/2019 10:15,0,,100,90,1,2/19/2019 10:15,R_2bNrO2DlAvXt5G2,,,,,,,anonymous,EN,,,,,,,5,,31.187,46.89,48.638,4,,,,,,,,41,2,,3,,5,5,Attitude,,Attitude|attitude_retraction|attitude_time,
2/19/2019 10:15,2/19/2019 10:15,0,,100,24,1,2/19/2019 10:15,R_2Byz3FRAiuIKCNs,,,,,,,anonymous,EN,4,,1.927,5.527,5.796,4,,,,,,,,,,,,,,30,2,,5,,4,8,Modal,modal|modal_retraction|MR_time,,
2/19/2019 10:14,2/19/2019 10:15,0,,100,67,1,2/19/2019 10:15,R_OOpLqZhXGbSRbk5,,,,,,,anonymous,EN,,,,,,,,2,35.45,35.45,36.323,1,,,,,,,,32,2,,5,,5,6,Attitude,,Attitude|attitude_falsity|attitude_time,
2/19/2019 10:13,2/19/2019 10:15,0,,100,99,1,2/19/2019 10:15,R_3JJFcLXjaAIbtxe,,,,,,,anonymous,EN,,,,,,,,,,,,,5,,46.521,51.451,52.578,2,,51,1,,5,,4,7,Non-modal,,,non-modal|non_retraction|non_time
2/19/2019 10:14,2/19/2019 10:15,0,,100,86,1,2/19/2019 10:15,R_etvnxxknHLG9CW5,,,,,,,anonymous,EN,,,,,,,6,,22.575,22.575,24.181,1,,,,,,,,66,2,,5,,6,6,Attitude,,Attitude|attitude_retraction|attitude_time,
2/19/2019 10:14,2/19/2019 10:15,0,,100,57,1,2/19/2019 10:15,R_2PurpvpMhVidXqT,,,,,,,anonymous,EN,,,,,,,,,,,,,6,,21.528,23.24,24.509,2,,44,1,,5,,5,6,Non-modal,,,non-modal|non_retraction|non_time
2/19/2019 10:14,2/19/2019 10:15,0,,100,68,1,2/19/2019 10:15,R_1IiUPsklNoJ72Zp,,,,,,,anonymous,EN,,4,28.436,33.322,34.339,3,,,,,,,,,,,,,,32,2,,1,,4,8,Modal,modal|modal_falsity|MR_time,,
2/19/2019 10:15,2/19/2019 10:15,0,,100,21,1,2/19/2019 10:15,R_3J8FJ2NvBIyKGll,,,,,,,anonymous,EN,,,,,,,5,,1.352,1.855,3.443,2,,,,,,,,22,1,,3,,3,4,Attitude,,Attitude|attitude_retraction|attitude_time,
2/19/2019 10:14,2/19/2019 10:15,0,,100,74,1,2/19/2019 10:15,R_1pswulS15b40kjw,,,,,,,anonymous,EN,7,,29.407,33.484,36.992,2,,,,,,,,,,,,,,60,1,,,,6,4,Modal,modal|modal_retraction|MR_time,,
2/19/2019 10:14,2/19/2019 10:15,0,,100,47,1,2/19/2019 10:15,R_Xn76Sx2oKKak3rb,,,,,,,anonymous,EN,7,,23.022,23.022,24.092,1,,,,,,,,,,,,,,26,1,,5,,3,5,Modal,modal|modal_retraction|MR_time,,
2/19/2019 10:14,2/19/2019 10:15,0,,100,54,1,2/19/2019 10:15,R_2rTv384fgdA1jlw,,,,,,,anonymous,EN,7,,20.111,23.096,23.86,6,,,,,,,,,,,,,,40,1,,5,,5,6,Modal,modal|modal_retraction|MR_time,,
2/19/2019 10:14,2/19/2019 10:15,0,,100,48,1,2/19/2019 10:15,R_3De7WE6KCMxkvVC,,,,,,,anonymous,EN,,,,,,,,5,21.77,23.383,24.098,4,,,,,,,,37,2,,5,,6,4,Attitude,,Attitude|attitude_falsity|attitude_time,
2/19/2019 10:14,2/19/2019 10:15,0,,100,39,1,2/19/2019 10:15,R_C7d5bbXR09unBpT,,,,,,,anonymous,EN,,,,,,,,,,,,,5,,17.068,18.348,19.119,2,,39,2,,5,,2,7,Non-modal,,,non-modal|non_retraction|non_time
2/19/2019 10:13,2/19/2019 10:15,0,,100,104,1,2/19/2019 10:15,R_NUBJwcin5ZfBgWJ,,,,,,,anonymous,EN,,,,,,,,1,43.063,43.063,50.986,1,,,,,,,,51,1,,5,,5,5,Attitude,,Attitude|attitude_falsity|attitude_time,
2/19/2019 10:14,2/19/2019 10:15,0,,100,59,1,2/19/2019 10:15,R_3JryXoto2nGINSQ,,,,,,,anonymous,EN,,,,,,,,,,,,,,7,18.667,39.354,40.269,7,,33,1,,5,,6,6,Non-modal,,,non-modal|non_falsity|non_time
2/19/2019 10:15,2/19/2019 10:15,0,,100,18,1,2/19/2019 10:15,R_eJXz5BspgvlSw6J,,,,,,,anonymous,EN,,5,0.557,1.172,1.697,2,,,,,,,,,,,,,,26,1,,1,,6,5,Modal,modal|modal_falsity|MR_time,,
2/19/2019 10:14,2/19/2019 10:15,0,,100,78,1,2/19/2019 10:15,R_RlVtmcM7esXwJqN,,,,,,,anonymous,EN,7,,12.814,12.814,13.694,1,,,,,,,,,,,,,,39,1,,5,,6,4,Modal,modal|modal_retraction|MR_time,,
2/19/2019 10:14,2/19/2019 10:15,0,,100,52,1,2/19/2019 10:15,R_2BfDNdwvQLXgYpT,,,,,,,anonymous,EN,,,,,,,,7,27.403,27.403,28.231,1,,,,,,,,24,1,,5,,4,4,Attitude,,Attitude|attitude_falsity|attitude_time,
2/19/2019 10:14,2/19/2019 10:15,0,,100,83,1,2/19/2019 10:15,R_vZHWHSd161yorzX,,,,,,,anonymous,EN,,,,,,,7,,21.444,21.444,30.242,1,,,,,,,,25,2,,1,,5,5,Attitude,,Attitude|attitude_retraction|attitude_time,
2/19/2019 10:14,2/19/2019 10:15,0,,100,88,1,2/19/2019 10:15,R_2QXmcYFJfoaEusB,,,,,,,anonymous,EN,,,,,,,,,,,,,,7,35.459,35.459,36.472,1,,23,1,,5,,2,8,Non-modal,,,non-modal|non_falsity|non_time
2/19/2019 10:14,2/19/2019 10:15,0,,100,97,1,2/19/2019 10:15,R_2SJfj23g5VvZff7,,,,,,,anonymous,EN,,,,,,,,,,,,,,6,31.53,31.53,34.025,1,,41,2,,2,,2,8,Non-modal,,,non-modal|non_falsity|non_time
2/19/2019 10:14,2/19/2019 10:15,0,,100,82,1,2/19/2019 10:15,R_bPE6Od37cCsGLmx,,,,,,,anonymous,EN,7,,33.12,33.12,33.863,1,,,,,,,,,,,,,,28,1,,2,,2,6,Modal,modal|modal_retraction|MR_time,,
2/19/2019 10:15,2/19/2019 10:15,0,,100,39,1,2/19/2019 10:15,R_C9UmB8cXeB6XOnv,,,,,,,anonymous,EN,,,,,,,,,,,,,,7,16.967,16.967,17.566,1,,34,2,,5,,3,7,Non-modal,,,non-modal|non_falsity|non_time
2/19/2019 10:15,2/19/2019 10:15,0,,100,35,1,2/19/2019 10:15,R_3kcRBURboOiRxtC,,,,,,,anonymous,EN,,7,0,0,18.153,0,,,,,,,,,,,,,,28,1,,5,,4,6,Modal,modal|modal_falsity|MR_time,,
2/19/2019 10:14,2/19/2019 10:15,0,,100,70,1,2/19/2019 10:15,R_33iZXKGz17KHyq3,,,,,,,anonymous,EN,,,,,,,7,,31.42,31.42,32.195,1,,,,,,,,37,1,,5,,4,7,Attitude,,Attitude|attitude_retraction|attitude_time,
2/19/2019 10:15,2/19/2019 10:15,0,,100,37,1,2/19/2019 10:15,R_2ro1BcOr4n88k7a,,,,,,,anonymous,EN,,,,,,,,,,,,,7,,18.061,18.061,19.984,1,,35,2,,5,,5,8,Non-modal,,,non-modal|non_retraction|non_time
2/19/2019 10:14,2/19/2019 10:16,0,,100,74,1,2/19/2019 10:16,R_2rHJxilxX1y9Vco,,,,,,,anonymous,EN,,2,28.516,28.516,30.124,1,,,,,,,,,,,,,,50,2,,5,,5,6,Modal,modal|modal_falsity|MR_time,,
2/19/2019 10:15,2/19/2019 10:16,0,,100,56,1,2/19/2019 10:16,R_1d5GMMqqVKXTjwL,,,,,,,anonymous,EN,,,,,,,,1,20.489,20.489,21.832,1,,,,,,,,32,1,,5,,6,4,Attitude,,Attitude|attitude_falsity|attitude_time,
2/19/2019 10:15,2/19/2019 10:16,0,,100,56,1,2/19/2019 10:16,R_Bzv830Wfl4RksJr,,,,,,,anonymous,EN,,,,,,,,7,23.424,24.183,25.458,2,,,,,,,,36,1,,5,,4,8,Attitude,,Attitude|attitude_falsity|attitude_time,
2/19/2019 10:14,2/19/2019 10:16,0,,100,81,1,2/19/2019 10:16,R_1PYrx7vIfmjbLMI,,,,,,,anonymous,EN,,,,,,,,,,,,,,6,31.695,35.63,39.914,3,,31,2,,2,,5,5,Non-modal,,,non-modal|non_falsity|non_time
2/19/2019 10:15,2/19/2019 10:16,0,,100,21,1,2/19/2019 10:16,R_2yqGLJtTPNC0FqG,,,,,,,anonymous,EN,4,,0.62,3.198,4.299,6,,,,,,,,,,,,,,22,1,,3,,4,5,Modal,modal|modal_retraction|MR_time,,
2/19/2019 10:15,2/19/2019 10:16,0,,100,40,1,2/19/2019 10:16,R_1ogMRteVrjzWruK,,,,,,,anonymous,EN,,,,,,,,,,,,,,7,16.045,16.867,17.667,2,,35,1,,5,,5,6,Non-modal,,,non-modal|non_falsity|non_time
2/19/2019 10:14,2/19/2019 10:16,0,,100,116,1,2/19/2019 10:16,R_1n73SMFoSGhhGbt,,,,,,,anonymous,EN,,,,,,,,4,17.878,33.022,39.772,5,,,,,,,,50,2,,2,,4,5,Attitude,,Attitude|attitude_falsity|attitude_time,
2/19/2019 10:15,2/19/2019 10:16,0,,100,64,1,2/19/2019 10:16,R_1juMZf0KO7GYvFi,,,,,,,anonymous,EN,,,,,,,5,,28.738,29.562,30.683,2,,,,,,,,29,1,,5,,5,7,Attitude,,Attitude|attitude_retraction|attitude_time,
2/19/2019 10:13,2/19/2019 10:16,0,,100,169,1,2/19/2019 10:16,R_25ydZcelPaZ6w3r,,,,,,,anonymous,EN,,,,,,,,,,,,,,7,87.175,87.175,89.618,1,,28,1,,5,,5,7,Non-modal,,,non-modal|non_falsity|non_time
2/19/2019 10:15,2/19/2019 10:16,0,,100,63,1,2/19/2019 10:16,R_XHzC8iLHMRKxpWV,,,,,,,anonymous,EN,,,,,,,,,,,,,7,,4.821,28.862,29.986,4,,43,2,,5,,5,6,Non-modal,,,non-modal|non_retraction|non_time
2/19/2019 10:15,2/19/2019 10:16,0,,100,56,1,2/19/2019 10:16,R_1o5chv4g8Y1CWmn,,,,,,,anonymous,EN,7,,26.637,26.637,28.568,1,,,,,,,,,,,,,,42,1,,5,,5,5,Modal,modal|modal_retraction|MR_time,,
2/19/2019 10:14,2/19/2019 10:16,0,,100,97,1,2/19/2019 10:16,R_2sX86jY8ZP14y9Z,,,,,,,anonymous,EN,,,,,,,,,,,,,,7,8.454,40.333,43.873,9,,30,1,,5,,3,8,Non-modal,,,non-modal|non_falsity|non_time
2/19/2019 10:15,2/19/2019 10:16,0,,100,44,1,2/19/2019 10:16,R_31d5jHecvI0NAfb,,,,,,,anonymous,EN,,,,,,,3,,20.576,20.576,22.608,1,,,,,,,,44,1,,5,,5,7,Attitude,,Attitude|attitude_retraction|attitude_time,
2/19/2019 10:15,2/19/2019 10:16,0,,100,74,1,2/19/2019 10:16,R_2y434jBR64JGXNi,,,,,,,anonymous,EN,,,,,,,,3,43.931,49.088,51.045,2,,,,,,,,35,2,,5,,8,6,Attitude,,Attitude|attitude_falsity|attitude_time,
2/19/2019 10:15,2/19/2019 10:16,0,,100,40,1,2/19/2019 10:16,R_0AMw6ALBaQsOU7v,,,,,,,anonymous,EN,,1,14.535,14.535,16.625,1,,,,,,,,,,,,,,42,1,,5,,5,4,Modal,modal|modal_falsity|MR_time,,
2/19/2019 10:15,2/19/2019 10:16,0,,100,45,1,2/19/2019 10:16,R_1Pc1htV4wVIPMCX,,,,,,,anonymous,EN,,,,,,,5,,26.135,26.135,26.902,1,,,,,,,,47,1,,5,,6,5,Attitude,,Attitude|attitude_retraction|attitude_time,
2/19/2019 10:15,2/19/2019 10:16,0,,100,32,1,2/19/2019 10:16,R_Olq2iQ0Y01MIxXj,,,,,,,anonymous,EN,,5,3.644,4.756,10.122,2,,,,,,,,,,,,,,30,2,,3,,5,4,Modal,modal|modal_falsity|MR_time,,
2/19/2019 10:14,2/19/2019 10:16,0,,100,99,1,2/19/2019 10:16,R_1P7vI6YLGCK7cZe,,,,,,,anonymous,EN,,1,28.97,28.97,31.457,1,,,,,,,,,,,,,,65,1,,5,,4,9,Modal,modal|modal_falsity|MR_time,,
2/19/2019 10:14,2/19/2019 10:16,0,,100,125,1,2/19/2019 10:16,R_2BfeUPA3MYHW8bh,,,,,,,anonymous,EN,,1,40.185,40.185,42.577,1,,,,,,,,,,,,,,47,2,,5,,2,6,Modal,modal|modal_falsity|MR_time,,
2/19/2019 10:15,2/19/2019 10:16,0,,100,63,1,2/19/2019 10:16,R_PYiY3j3cfs8aRO1,,,,,,,anonymous,EN,,,,,,,,,,,,,,7,18.095,18.095,19.053,1,,34,1,,5,,6,5,Non-modal,,,non-modal|non_falsity|non_time
2/19/2019 10:14,2/19/2019 10:16,0,,100,103,1,2/19/2019 10:16,R_WcWp4tosC85nUe5,,,,,,,anonymous,EN,7,,4.459,61.72,63.056,2,,,,,,,,,,,,,,26,1,,5,,5,7,Modal,modal|modal_retraction|MR_time,,
2/19/2019 10:15,2/19/2019 10:16,0,,100,47,1,2/19/2019 10:16,R_2uWA278zjxxWrDX,,,,,,,anonymous,EN,,,,,,,6,,19.096,25.991,27.073,5,,,,,,,,35,1,,5,,4,7,Attitude,,Attitude|attitude_retraction|attitude_time,
2/19/2019 10:13,2/19/2019 10:16,0,,100,177,1,2/19/2019 10:16,R_3EQKQPTrRT3c3OB,,,,,,,anonymous,EN,,1,140.42,151.797,152.928,5,,,,,,,,,,,,,,67,2,,5,,4,8,Modal,modal|modal_falsity|MR_time,,
2/19/2019 10:15,2/19/2019 10:16,0,,100,58,1,2/19/2019 10:16,R_2eWoXzzhqwuA6Jd,,,,,,,anonymous,EN,,,,,,,,6,7.303,19.453,21.466,2,,,,,,,,59,1,,5,,6,3,Attitude,,Attitude|attitude_falsity|attitude_time,
2/19/2019 10:14,2/19/2019 10:16,0,,100,140,1,2/19/2019 10:16,R_1EhDLdX7UGzgD9G,,,,,,,anonymous,EN,,,,,,,,,,,,,6,,79.912,115.13,115.776,5,,38,1,,5,,4,5,Non-modal,,,non-modal|non_retraction|non_time
2/19/2019 10:16,2/19/2019 10:16,0,,100,27,1,2/19/2019 10:16,R_1onnEBZdTJHj47V,,,,,,,anonymous,EN,7,,10.957,10.957,11.525,1,,,,,,,,,,,,,,38,2,,5,,6,6,Modal,modal|modal_retraction|MR_time,,
2/19/2019 10:15,2/19/2019 10:16,0,,100,83,1,2/19/2019 10:16,R_3ktE8RBnJlcJ1bx,,,,,,,anonymous,EN,2,,18.666,20.474,22.017,3,,,,,,,,,,,,,,41,1,,1,,6,5,Modal,modal|modal_retraction|MR_time,,
2/19/2019 10:15,2/19/2019 10:16,0,,100,59,1,2/19/2019 10:16,R_3ghkyp6aDcHNvPz,,,,,,,anonymous,EN,,,,,,,,,,,,,6,,32.718,34.047,35.222,3,,36,1,,5,,5,7,Non-modal,,,non-modal|non_retraction|non_time
2/19/2019 10:16,2/19/2019 10:16,0,,100,24,1,2/19/2019 10:16,R_3OeTn0zy2TUY067,,,,,,,anonymous,EN,,,,,,,6,,1.118,1.118,3.868,1,,,,,,,,28,1,,2,,5,7,Attitude,,Attitude|attitude_retraction|attitude_time,
2/19/2019 10:16,2/19/2019 10:16,0,,100,42,1,2/19/2019 10:16,R_3QY4bhNq05zT7vI,,,,,,,anonymous,EN,,,,,,,,6,12.398,12.398,13.115,1,,,,,,,,36,1,,5,,4,7,Attitude,,Attitude|attitude_falsity|attitude_time,
2/19/2019 10:15,2/19/2019 10:16,0,,100,65,1,2/19/2019 10:16,R_12G2ITX48SmKsvB,,,,,,,anonymous,EN,,3,39.412,39.412,41.062,1,,,,,,,,,,,,,,41,2,,3,,5,5,Modal,modal|modal_falsity|MR_time,,
2/19/2019 10:15,2/19/2019 10:16,0,,100,69,1,2/19/2019 10:16,R_3PvI7Id9vQcGLNy,,,,,,,anonymous,EN,,,,,,,,6,3.797,5.021,5.622,3,,,,,,,,30,1,,1,,5,7,Attitude,,Attitude|attitude_falsity|attitude_time,
2/19/2019 10:15,2/19/2019 10:16,0,,100,73,1,2/19/2019 10:16,R_8o95oluahTF5BgB,,,,,,,anonymous,EN,,,,,,,,,,,,,6,,22.533,23.766,24.479,3,,29,2,,6,biracial white/black,6,6,Non-modal,,,non-modal|non_retraction|non_time
2/19/2019 10:15,2/19/2019 10:16,0,,100,63,1,2/19/2019 10:16,R_3n9m0XuG55Ndug2,,,,,,,anonymous,EN,,,,,,,,,,,,,,5,25.621,28.059,30.615,2,,43,2,,5,,4,7,Non-modal,,,non-modal|non_falsity|non_time
2/19/2019 10:15,2/19/2019 10:16,0,,100,84,1,2/19/2019 10:16,R_12xaOvxSE7LlFsV,,,,,,,anonymous,EN,,,,,,,,,,,,,7,,54.896,55.463,56.081,2,,43,1,,5,,5,5,Non-modal,,,non-modal|non_retraction|non_time
2/19/2019 10:15,2/19/2019 10:16,0,,100,53,1,2/19/2019 10:16,R_AbbS45FTYGmlCEx,,,,,,,anonymous,EN,,7,24.336,25.336,25.856,2,,,,,,,,,,,,,,23,1,,5,,5,3,Modal,modal|modal_falsity|MR_time,,
2/19/2019 10:16,2/19/2019 10:16,0,,100,27,1,2/19/2019 10:16,R_9nUIUNADfHvyObL,,,,,,,anonymous,EN,,1,0,0,13.978,0,,,,,,,,,,,,,,34,2,,5,,4,3,Modal,modal|modal_falsity|MR_time,,
2/19/2019 10:16,2/19/2019 10:16,0,,100,43,1,2/19/2019 10:16,R_O7PnRZSneRv4pZ7,,,,,,,anonymous,EN,7,,21.81,22.217,22.956,2,,,,,,,,,,,,,,39,2,,5,,2,4,Modal,modal|modal_retraction|MR_time,,
2/19/2019 10:15,2/19/2019 10:16,0,,100,86,1,2/19/2019 10:16,R_3Kvy4aFEqpfvO86,,,,,,,anonymous,EN,,,,,,,7,,3.175,47.796,48.493,10,,,,,,,,61,2,,5,,5,7,Attitude,,Attitude|attitude_retraction|attitude_time,
2/19/2019 10:15,2/19/2019 10:16,0,,100,53,1,2/19/2019 10:16,R_2zkm3Q7H0Y0tboa,,,,,,,anonymous,EN,,,,,,,,,,,,,7,,2.654,2.654,3.805,1,,30,1,,2,,5,2,Non-modal,,,non-modal|non_retraction|non_time
2/19/2019 10:15,2/19/2019 10:16,0,,100,69,1,2/19/2019 10:16,R_2qpyM1i2KzxmqKi,,,,,,,anonymous,EN,,,,,,,,,,,,,,6,23.888,23.888,25.89,1,,36,2,,5,,4,6,Non-modal,,,non-modal|non_falsity|non_time
2/19/2019 10:13,2/19/2019 10:16,0,,100,229,1,2/19/2019 10:16,R_3O63iiGxdymWcKd,,,,,,,anonymous,EN,,4,1.009,132.862,133.26,3,,,,,,,,,,,,,,41,1,,5,,4,6,Modal,modal|modal_falsity|MR_time,,
2/19/2019 10:16,2/19/2019 10:16,0,,100,32,1,2/19/2019 10:16,R_XAL4VzuL3t19Aid,,,,,,,anonymous,EN,,,,,,,,,,,,,,4,0.884,0.884,2.327,1,,27,2,,5,,5,5,Non-modal,,,non-modal|non_falsity|non_time
2/19/2019 10:13,2/19/2019 10:16,0,,100,178,1,2/19/2019 10:16,R_1dgmQkV1dFOHVQh,,,,,,,anonymous,EN,,,,,,,,,,,,,,4,68.271,68.271,69.075,1,,59,2,,5,,7,4,Non-modal,,,non-modal|non_falsity|non_time
2/19/2019 10:15,2/19/2019 10:17,0,,100,69,1,2/19/2019 10:17,R_3EzCbQXlhamtM4Y,,,,,,,anonymous,EN,,,,,,,,,,,,,,6,20.988,22.026,23.407,2,,29,2,,3,,4,7,Non-modal,,,non-modal|non_falsity|non_time
2/19/2019 10:15,2/19/2019 10:17,0,,100,73,1,2/19/2019 10:17,R_1rAifWdrplijVNv,,,,,,,anonymous,EN,,,,,,,,1,2.264,46.16,47.532,4,,,,,,,,47,1,,5,,4,4,Attitude,,Attitude|attitude_falsity|attitude_time,
2/19/2019 10:16,2/19/2019 10:17,0,,100,62,1,2/19/2019 10:17,R_3nc0ifZrT5Hu1Ju,,,,,,,anonymous,EN,,,,,,,,,,,,,7,,25.1,25.1,32.05,1,,29,1,,5,,5,4,Non-modal,,,non-modal|non_retraction|non_time
2/19/2019 10:16,2/19/2019 10:17,0,,100,50,1,2/19/2019 10:17,R_3PZiO24myQcMBbb,,,,,,,anonymous,EN,,,,,,,1,,23.144,23.144,24.032,1,,,,,,,,51,2,,5,,5,5,Attitude,,Attitude|attitude_retraction|attitude_time,
2/19/2019 10:16,2/19/2019 10:17,0,,100,44,1,2/19/2019 10:17,R_2wzvaYX0OBFkYNS,,,,,,,anonymous,EN,,,,,,,,,,,,,7,,24.529,25.1,25.883,2,,28,1,,5,,5,6,Non-modal,,,non-modal|non_retraction|non_time
2/19/2019 10:15,2/19/2019 10:17,0,,100,70,1,2/19/2019 10:17,R_3jUTq15qSMXspaU,,,,,,,anonymous,EN,,1,19.175,19.175,21.001,1,,,,,,,,,,,,,,24,2,,5,,4,6,Modal,modal|modal_falsity|MR_time,,
2/19/2019 10:16,2/19/2019 10:17,0,,100,46,1,2/19/2019 10:17,R_u2s9EkE7tT4ioH7,,,,,,,anonymous,EN,,,,,,,,,,,,,5,,16.472,16.472,17.948,1,,26,1,,5,,4,6,Non-modal,,,non-modal|non_retraction|non_time
2/19/2019 10:16,2/19/2019 10:17,0,,100,37,1,2/19/2019 10:17,R_8uYm7zzj9x3djMd,,,,,,,anonymous,EN,,4,14.075,14.075,15.927,1,,,,,,,,,,,,,,34,1,,5,,2,10,Modal,modal|modal_falsity|MR_time,,
2/19/2019 10:16,2/19/2019 10:17,0,,100,42,1,2/19/2019 10:17,R_1gd5vG9ULVo96ho,,,,,,,anonymous,EN,,,,,,,,7,16.218,16.218,16.831,1,,,,,,,,37,2,,5,,4,8,Attitude,,Attitude|attitude_falsity|attitude_time,
2/19/2019 10:15,2/19/2019 10:17,0,,100,86,1,2/19/2019 10:17,R_231RxZbr2GE8UvM,,,,,,,anonymous,EN,,,,,,,,,,,,,,3,20.06,27.527,28.246,13,,28,1,,5,,5,8,Non-modal,,,non-modal|non_falsity|non_time
2/19/2019 10:15,2/19/2019 10:17,0,,100,90,1,2/19/2019 10:17,R_8ro0cMkNBqQ0B4l,,,,,,,anonymous,EN,,,,,,,7,,33.367,34.599,35.602,2,,,,,,,,65,2,,5,,4,6,Attitude,,Attitude|attitude_retraction|attitude_time,
2/19/2019 10:16,2/19/2019 10:17,0,,100,74,1,2/19/2019 10:17,R_ahlhM6i6uXpLnfH,,,,,,,anonymous,EN,7,,26.392,28.397,29.301,2,,,,,,,,,,,,,,48,2,,5,,4,5,Modal,modal|modal_retraction|MR_time,,
2/19/2019 10:15,2/19/2019 10:17,0,,100,92,1,2/19/2019 10:17,R_3I6kMW6c4dVgGRE,,,,,,,anonymous,EN,,,,,,,,,,,,,,7,36.24,36.24,37.901,1,,68,2,,5,,4,3,Non-modal,,,non-modal|non_falsity|non_time
2/19/2019 10:15,2/19/2019 10:17,0,,100,106,1,2/19/2019 10:17,R_40XI8CQsh1taRgd,,,,,,,anonymous,EN,6,,18.861,35.245,37.882,3,,,,,,,,,,,,,,33,1,,5,,6,6,Modal,modal|modal_retraction|MR_time,,
2/19/2019 10:16,2/19/2019 10:17,0,,100,82,1,2/19/2019 10:17,R_3qfysRymHwrIxhh,,,,,,,anonymous,EN,,,,,,,,6,34.554,34.554,39.225,1,,,,,,,,40,2,,5,,3,6,Attitude,,Attitude|attitude_falsity|attitude_time,
2/19/2019 10:16,2/19/2019 10:17,0,,100,68,1,2/19/2019 10:17,R_3k5hUNORioyKWCF,,,,,,,anonymous,EN,,,,,,,5,,43.128,47.936,51.016,7,,,,,,,,39,2,,5,,5,7,Attitude,,Attitude|attitude_retraction|attitude_time,
2/19/2019 10:16,2/19/2019 10:17,0,,100,50,1,2/19/2019 10:17,R_1FQfhdkTbO7v5nF,,,,,,,anonymous,EN,7,,28.046,28.046,29.696,1,,,,,,,,,,,,,,29,1,,1,,2,8,Modal,modal|modal_retraction|MR_time,,
2/19/2019 10:15,2/19/2019 10:17,0,,100,126,1,2/19/2019 10:17,R_3fBQp2xZg9PUsDW,,,,,,,anonymous,EN,,,,,,,,,,,,,,7,20.098,20.098,103.209,1,,59,1,,5,,4,7,Non-modal,,,non-modal|non_falsity|non_time
2/19/2019 10:16,2/19/2019 10:17,0,,100,68,1,2/19/2019 10:17,R_27UrOkp6lkcHGY0,,,,,,,anonymous,EN,,4,20.042,20.042,20.706,1,,,,,,,,,,,,,,47,1,,6,depends on your perception,5,10,Modal,modal|modal_falsity|MR_time,,
2/19/2019 10:16,2/19/2019 10:17,0,,100,43,1,2/19/2019 10:17,R_4Pi3hmnNyVpOKjL,,,,,,,anonymous,EN,,,,,,,7,,12.476,13.131,13.727,2,,,,,,,,33,1,,5,,5,9,Attitude,,Attitude|attitude_retraction|attitude_time,
2/19/2019 10:16,2/19/2019 10:17,0,,100,87,1,2/19/2019 10:17,R_3gSHYcDiIPSg8DJ,,,,,,,anonymous,EN,,,,,,,,,,,,,7,,34.654,35.607,36.945,3,,31,2,,5,,2,6,Non-modal,,,non-modal|non_retraction|non_time
2/19/2019 10:16,2/19/2019 10:17,0,,100,91,1,2/19/2019 10:17,R_O7165dXfv3pozFT,,,,,,,anonymous,EN,,,,,,,,2,27.557,30.001,35.722,2,,,,,,,,36,1,,5,,5,5,Attitude,,Attitude|attitude_falsity|attitude_time,
2/19/2019 10:17,2/19/2019 10:17,0,,100,44,1,2/19/2019 10:17,R_0DQZ4Sf7OxhMqv7,,,,,,,anonymous,EN,,,,,,,7,,19.61,19.61,20.486,1,,,,,,,,31,2,,5,,6,6,Attitude,,Attitude|attitude_retraction|attitude_time,
2/19/2019 10:16,2/19/2019 10:17,0,,100,57,1,2/19/2019 10:17,R_yPXPQUN3PxBBxU5,,,,,,,anonymous,EN,4,,26.048,27.128,28.024,2,,,,,,,,,,,,,,33,2,,2,,4,5,Modal,modal|modal_retraction|MR_time,,
2/19/2019 10:17,2/19/2019 10:17,0,,100,45,1,2/19/2019 10:17,R_2e2KQIpreqIlbS6,,,,,,,anonymous,EN,,,,,,,,,,,,,,4,19.57,20.77,23.848,3,,34,1,,5,,4,5,Non-modal,,,non-modal|non_falsity|non_time
2/19/2019 10:16,2/19/2019 10:17,0,,100,56,1,2/19/2019 10:17,R_292n2Q3QmrTh69j,,,,,,,anonymous,EN,,,,,,,,6,29.318,29.318,29.946,1,,,,,,,,29,1,,1,,4,7,Attitude,,Attitude|attitude_falsity|attitude_time,
2/19/2019 10:16,2/19/2019 10:17,0,,100,77,1,2/19/2019 10:17,R_1ozotsGxFXlfFxr,,,,,,,anonymous,EN,,,,,,,7,,29.064,29.064,29.725,1,,,,,,,,28,2,,5,,4,8,Attitude,,Attitude|attitude_retraction|attitude_time,
2/19/2019 10:15,2/19/2019 10:18,0,,100,154,1,2/19/2019 10:18,R_3CVLCUANRN6JYNI,,,,,,,anonymous,EN,,,,,,,,5,49.588,52.212,53.2,4,,,,,,,,25,2,,5,,5,4,Attitude,,Attitude|attitude_falsity|attitude_time,
2/19/2019 10:17,2/19/2019 10:18,0,,100,46,1,2/19/2019 10:18,R_1DNoZXCQZtAMxpQ,,,,,,,anonymous,EN,,,,,,,,,,,,,7,,0,0,21.86,0,,54,2,,1,,5,5,Non-modal,,,non-modal|non_retraction|non_time
2/19/2019 10:17,2/19/2019 10:18,0,,100,42,1,2/19/2019 10:18,R_2X73G8akQka2abj,,,,,,,anonymous,EN,4,,5.283,5.283,6.879,1,,,,,,,,,,,,,,33,1,,5,,5,6,Modal,modal|modal_retraction|MR_time,,
2/19/2019 10:16,2/19/2019 10:18,0,,100,65,1,2/19/2019 10:18,R_9uzgdn48KRxq0dr,,,,,,,anonymous,EN,,2,7.939,25.164,28.064,12,,,,,,,,,,,,,,29,1,,5,,5,5,Modal,modal|modal_falsity|MR_time,,
2/19/2019 10:15,2/19/2019 10:18,0,,100,150,1,2/19/2019 10:18,R_3Hjq7148MwkpOsT,,,,,,,anonymous,EN,6,,120.48,120.48,121.286,1,,,,,,,,,,,,,,34,2,,5,,4,6,Modal,modal|modal_retraction|MR_time,,
2/19/2019 10:16,2/19/2019 10:18,0,,100,75,1,2/19/2019 10:18,R_UK3hzqXz3IHlodj,,,,,,,anonymous,EN,,2,14.768,39.117,39.641,17,,,,,,,,,,,,,,23,1,,5,,2,7,Modal,modal|modal_falsity|MR_time,,
2/19/2019 10:17,2/19/2019 10:18,0,,100,57,1,2/19/2019 10:18,R_2Tto1zCZS9fLJL3,,,,,,,anonymous,EN,,,,,,,,1,22.52,22.52,25.792,1,,,,,,,,65,1,,5,,6,7,Attitude,,Attitude|attitude_falsity|attitude_time,
2/19/2019 10:16,2/19/2019 10:18,0,,100,103,1,2/19/2019 10:18,R_3wyhCC9KvOE1DIB,,,,,,,anonymous,EN,,7,18.404,18.404,19.232,1,,,,,,,,,,,,,,40,1,,5,,6,4,Modal,modal|modal_falsity|MR_time,,
2/19/2019 10:15,2/19/2019 10:18,0,,100,189,1,2/19/2019 10:18,R_1CqptbwOQUmNP2D,,,,,,,anonymous,EN,,,,,,,,,,,,,,4,60.846,62.686,63.729,2,,26,1,,5,,6,5,Non-modal,,,non-modal|non_falsity|non_time
2/19/2019 10:13,2/19/2019 10:18,0,,100,310,1,2/19/2019 10:18,R_2cudYIk5x4okRbJ,,,,,,,anonymous,EN,,,,,,,3,,5.515,5.515,8.166,1,,,,,,,,25,2,,5,,4,4,Attitude,,Attitude|attitude_retraction|attitude_time,
2/19/2019 10:17,2/19/2019 10:18,0,,100,48,1,2/19/2019 10:18,R_2y7TzoW3QuN4DQp,,,,,,,anonymous,EN,,,,,,,,,,,,,5,,8.917,8.917,9.676,1,,25,1,,5,,2,6,Non-modal,,,non-modal|non_retraction|non_time
2/19/2019 10:18,2/19/2019 10:18,0,,100,38,1,2/19/2019 10:18,R_2YPLQ3FRTJZflBL,,,,,,,anonymous,EN,,,,,,,7,,15.391,15.391,16.241,1,,,,,,,,40,2,,5,,7,6,Attitude,,Attitude|attitude_retraction|attitude_time,
2/19/2019 10:14,2/19/2019 10:18,0,,100,276,1,2/19/2019 10:18,R_1QhWf10fPQC5YFm,,,,,,,anonymous,EN,,,,,,,,7,38.527,38.917,39.656,2,,,,,,,,44,2,,5,,4,7,Attitude,,Attitude|attitude_falsity|attitude_time,
2/19/2019 10:17,2/19/2019 10:18,0,,100,71,1,2/19/2019 10:18,R_1Nzv5b4ZxpBTp3z,,,,,,,anonymous,EN,,,,,,,,,,,,,,7,21.285,21.285,22.465,1,,22,2,,3,,4,7,Non-modal,,,non-modal|non_falsity|non_time
2/19/2019 10:17,2/19/2019 10:18,0,,100,100,1,2/19/2019 10:18,R_3efr1jDqnPW5abO,,,,,,,anonymous,EN,,,,,,,,2,48.09,51.472,54.97,2,,,,,,,,52,1,,5,,8,5,Attitude,,Attitude|attitude_falsity|attitude_time,
2/19/2019 10:13,2/19/2019 10:18,0,,100,314,1,2/19/2019 10:18,R_1ltuL2BnvysdR4j,,,,,,,anonymous,EN,,,,,,,,,,,,,,7,276.512,276.512,278.473,1,,33,1,,3,,5,6,Non-modal,,,non-modal|non_falsity|non_time
2/19/2019 10:18,2/19/2019 10:18,0,,100,44,1,2/19/2019 10:18,R_3hcMFoCSxTmFF2a,,,,,,,anonymous,EN,,6,2.539,15.951,17.047,2,,,,,,,,,,,,,,44,2,,5,,6,4,Modal,modal|modal_falsity|MR_time,,
2/19/2019 10:17,2/19/2019 10:18,0,,100,93,1,2/19/2019 10:18,R_1jfvexJTYUCqz7a,,,,,,,anonymous,EN,,,,,,,,3,26.369,32.505,34.046,2,,,,,,,,29,2,,5,,2,4,Attitude,,Attitude|attitude_falsity|attitude_time,
2/19/2019 10:17,2/19/2019 10:18,0,,100,59,1,2/19/2019 10:18,R_2S7i5qsBE3fR7Lf,,,,,,,anonymous,EN,7,,31.777,31.777,32.652,1,,,,,,,,,,,,,,37,2,,5,,5,8,Modal,modal|modal_retraction|MR_time,,
2/19/2019 10:16,2/19/2019 10:18,0,,100,141,1,2/19/2019 10:18,R_XX44NGzDIfXc3yF,,,,,,,anonymous,EN,,,,,,,,,,,,,7,,29.824,29.824,30.686,1,,53,2,,5,,5,5,Non-modal,,,non-modal|non_retraction|non_time
2/19/2019 10:15,2/19/2019 10:18,0,,100,213,1,2/19/2019 10:18,R_ZkLqLJpTFy0SiSR,,,,,,,anonymous,EN,,,,,,,,,,,,,6,,84.661,89.995,92.044,3,,65,2,,6,"French, Af-Am, Indian",6,4,Non-modal,,,non-modal|non_retraction|non_time
2/19/2019 10:18,2/19/2019 10:19,0,,100,19,1,2/19/2019 10:19,R_pyfOeO6VfAOiZ0t,,,,,,,anonymous,EN,,,,,,,,4,0.933,0.933,1.774,1,,,,,,,,30,2,,1,,2,6,Attitude,,Attitude|attitude_falsity|attitude_time,
2/19/2019 10:18,2/19/2019 10:19,0,,100,61,1,2/19/2019 10:19,R_5btPYkqn58bEcsV,,,,,,,anonymous,EN,,,,,,,,,,,,,,7,36.79,36.79,37.361,1,,39,1,,5,,5,3,Non-modal,,,non-modal|non_falsity|non_time
2/19/2019 10:17,2/19/2019 10:19,0,,100,97,1,2/19/2019 10:19,R_2w0MUtcBWbZujS4,,,,,,,anonymous,EN,7,,22.208,22.208,22.769,1,,,,,,,,,,,,,,26,1,,2,,5,4,Modal,modal|modal_retraction|MR_time,,
2/19/2019 10:18,2/19/2019 10:19,0,,100,51,1,2/19/2019 10:19,R_2OOqgC64kHnVYkm,,,,,,,anonymous,EN,7,,5.777,12.746,13.541,6,,,,,,,,,,,,,,26,1,,5,,4,6,Modal,modal|modal_retraction|MR_time,,
2/19/2019 10:17,2/19/2019 10:19,0,,100,113,1,2/19/2019 10:19,R_1hSXOyAxZKNzs8x,,,,,,,anonymous,EN,,,,,,,7,,2.002,58.028,58.779,9,,,,,,,,60,1,,2,,4,5,Attitude,,Attitude|attitude_retraction|attitude_time,
2/19/2019 10:18,2/19/2019 10:19,0,,100,47,1,2/19/2019 10:19,R_Y0sFeDHxTGK1jC9,,,,,,,anonymous,EN,,,,,,,,,,,,,,7,19.797,20.924,21.29,2,,30,1,,5,,4,8,Non-modal,,,non-modal|non_falsity|non_time
2/19/2019 10:18,2/19/2019 10:19,0,,100,95,1,2/19/2019 10:19,R_2zCibllXcqa1Fwb,,,,,,,anonymous,EN,,2,45.461,46.045,55.397,2,,,,,,,,,,,,,,39,1,,5,,5,5,Modal,modal|modal_falsity|MR_time,,
2/19/2019 10:18,2/19/2019 10:19,0,,100,50,1,2/19/2019 10:19,R_wSJqvea4oERRNwR,,,,,,,anonymous,EN,,,,,,,,,,,,,7,,15.859,15.859,16.736,1,,57,1,,5,,5,7,Non-modal,,,non-modal|non_retraction|non_time
2/19/2019 10:18,2/19/2019 10:19,0,,100,48,1,2/19/2019 10:19,R_1OwQZ3KgO5mZcaW,,,,,,,anonymous,EN,,,,,,,,3,13.646,13.646,18.223,1,,,,,,,,35,2,,3,,5,6,Attitude,,Attitude|attitude_falsity|attitude_time,
2/19/2019 10:16,2/19/2019 10:19,0,,100,206,1,2/19/2019 10:19,R_1lghaTbQh1ZlYdQ,,,,,,,anonymous,EN,,,,,,,,,,,,,7,,58.643,58.643,60.467,1,,53,2,,5,,5,7,Non-modal,,,non-modal|non_retraction|non_time
2/19/2019 10:18,2/19/2019 10:19,0,,100,60,1,2/19/2019 10:19,R_1Oo9VrEReULMLWF,,,,,,,anonymous,EN,,,,,,,,,,,,,,7,33.558,33.558,34.258,1,,46,2,,5,,4,8,Non-modal,,,non-modal|non_falsity|non_time
2/19/2019 10:18,2/19/2019 10:19,0,,100,56,1,2/19/2019 10:19,R_3lGrscsf4cNibx9,,,,,,,anonymous,EN,,4,27.332,28.352,28.758,3,,,,,,,,,,,,,,32,1,,3,,5,6,Modal,modal|modal_falsity|MR_time,,
2/19/2019 10:17,2/19/2019 10:19,0,,100,166,1,2/19/2019 10:19,R_2wKL3vvGAyqkW2a,,,,,,,anonymous,EN,,,,,,,6,,3.006,27.201,28.019,9,,,,,,,,35,1,,5,,2,8,Attitude,,Attitude|attitude_retraction|attitude_time,
2/19/2019 10:19,2/19/2019 10:19,0,,100,53,1,2/19/2019 10:19,R_2e2mhdLNPUwvr3b,,,,,,,anonymous,EN,,,,,,,5,,15.947,15.947,17.255,1,,,,,,,,55,2,,5,,5,7,Attitude,,Attitude|attitude_retraction|attitude_time,
2/19/2019 10:19,2/19/2019 10:20,0,,100,54,1,2/19/2019 10:20,R_3NRtfZ8UJVpBc9v,,,,,,,anonymous,EN,,,,,,,7,,0.58,20.288,21.652,9,,,,,,,,60,2,,5,,4,7,Attitude,,Attitude|attitude_retraction|attitude_time,
2/19/2019 10:18,2/19/2019 10:20,0,,100,96,1,2/19/2019 10:20,R_ONFVBhWMR1PdblT,,,,,,,anonymous,EN,,,,,,,,2,12.179,62.837,64.848,13,,,,,,,,54,2,,5,,5,5,Attitude,,Attitude|attitude_falsity|attitude_time,
2/19/2019 10:19,2/19/2019 10:20,0,,100,65,1,2/19/2019 10:20,R_2B98n3HeYoNQ75i,,,,,,,anonymous,EN,,,,,,,6,,25.905,29.206,29.692,4,,,,,,,,41,1,,5,,5,4,Attitude,,Attitude|attitude_retraction|attitude_time,
2/19/2019 10:18,2/19/2019 10:20,0,,100,114,1,2/19/2019 10:20,R_1LbC8IcUArkJaHA,,,,,,,anonymous,EN,,,,,,,,,,,,,7,,45.022,45.022,62.731,1,,56,1,,5,,4,6,Non-modal,,,non-modal|non_retraction|non_time
2/19/2019 10:18,2/19/2019 10:20,0,,100,94,1,2/19/2019 10:20,R_3iCLKhPbjkxo67z,,,,,,,anonymous,EN,3,,49.008,49.008,51.875,1,,,,,,,,,,,,,,36,1,,1,,4,7,Modal,modal|modal_retraction|MR_time,,
2/19/2019 10:19,2/19/2019 10:20,0,,100,32,1,2/19/2019 10:20,R_2tJWObN2hEEt4zU,,,,,,,anonymous,EN,,,,,,,,,,,,,7,,1.516,11.671,12.169,9,,24,1,,5,,5,7,Non-modal,,,non-modal|non_retraction|non_time
2/19/2019 10:17,2/19/2019 10:20,0,,100,150,1,2/19/2019 10:20,R_3NvNfdCsbH16W7Y,,,,,,,anonymous,EN,,,,,,,,,,,,,,7,13.657,90.595,91.87,4,,56,2,,5,,5,7,Non-modal,,,non-modal|non_falsity|non_time
2/19/2019 10:16,2/19/2019 10:20,0,,100,226,1,2/19/2019 10:20,R_3mkbn03u4G7egKZ,,,,,,,anonymous,EN,7,,14.335,14.335,15.445,1,,,,,,,,,,,,,,35,2,,5,,5,5,Modal,modal|modal_retraction|MR_time,,
2/19/2019 10:17,2/19/2019 10:20,0,,100,188,1,2/19/2019 10:20,R_3DdxTyeUc2cLW30,,,,,,,anonymous,EN,,1,36.59,36.59,39.274,1,,,,,,,,,,,,,,69,2,,5,,4,6,Modal,modal|modal_falsity|MR_time,,
2/19/2019 10:19,2/19/2019 10:20,0,,100,34,1,2/19/2019 10:20,R_bl8ripQYjQtjVRL,,,,,,,anonymous,EN,,,,,,,,5,12.638,14.7,15.647,2,,,,,,,,35,1,,5,,8,6,Attitude,,Attitude|attitude_falsity|attitude_time,
2/19/2019 10:19,2/19/2019 10:20,0,,100,65,1,2/19/2019 10:20,R_3kHStUWf8OlE0NG,,,,,,,anonymous,EN,,,,,,,,2,24.364,29.122,30.359,4,,,,,,,,39,2,,5,,5,6,Attitude,,Attitude|attitude_falsity|attitude_time,
2/19/2019 10:18,2/19/2019 10:20,0,,100,82,1,2/19/2019 10:20,R_2DMrXUrYCdwnqep,,,,,,,anonymous,EN,,,,,,,,,,,,,7,,15.192,29.632,31.129,6,,41,2,,5,,5,5,Non-modal,,,non-modal|non_retraction|non_time
2/19/2019 10:18,2/19/2019 10:20,0,,100,102,1,2/19/2019 10:20,R_11hkJjN1ZXPrx3w,,,,,,,anonymous,EN,,1,31.3,41.87,43.163,3,,,,,,,,,,,,,,55,1,,5,,5,7,Modal,modal|modal_falsity|MR_time,,
2/19/2019 10:19,2/19/2019 10:20,0,,100,51,1,2/19/2019 10:20,R_2Pvf3hqN6udrfDD,,,,,,,anonymous,EN,,1,14.112,18.255,21.52,3,,,,,,,,,,,,,,37,2,,5,,2,7,Modal,modal|modal_falsity|MR_time,,
2/19/2019 10:19,2/19/2019 10:20,0,,100,40,1,2/19/2019 10:20,R_2tLFJc0e0aIEnml,,,,,,,anonymous,EN,,,,,,,,,,,,,,5,1.826,3.528,4.912,3,,30,2,,5,,6,4,Non-modal,,,non-modal|non_falsity|non_time
2/19/2019 10:19,2/19/2019 10:20,0,,100,57,1,2/19/2019 10:20,R_1pEUVrSEP3kEsRd,,,,,,,anonymous,EN,,,,,,,7,,15.891,28.85,29.637,10,,,,,,,,35,1,,5,,6,8,Attitude,,Attitude|attitude_retraction|attitude_time,
2/19/2019 10:19,2/19/2019 10:20,0,,100,72,1,2/19/2019 10:20,R_1LoEy8tlcNDIh9j,,,,,,,anonymous,EN,,2,11.592,34.593,36.062,8,,,,,,,,,,,,,,45,2,,5,,6,4,Modal,modal|modal_falsity|MR_time,,
2/19/2019 10:19,2/19/2019 10:21,0,,100,85,1,2/19/2019 10:21,R_pixXOu56BdSoFmF,,,,,,,anonymous,EN,,,,,,,,,,,,,,7,24.515,24.515,26.076,1,,44,2,,5,,4,6,Non-modal,,,non-modal|non_falsity|non_time
2/19/2019 10:20,2/19/2019 10:21,0,,100,44,1,2/19/2019 10:21,R_3GfufxcDsMH0agM,,,,,,,anonymous,EN,7,,18.519,18.519,19.957,1,,,,,,,,,,,,,,30,1,,5,,5,4,Modal,modal|modal_retraction|MR_time,,
2/19/2019 10:20,2/19/2019 10:21,0,,100,75,1,2/19/2019 10:21,R_2ON14wkp2MxL3MA,,,,,,,anonymous,EN,,,,,,,,2,24.812,24.812,26.9,1,,,,,,,,63,2,,5,,4,7,Attitude,,Attitude|attitude_falsity|attitude_time,
2/19/2019 10:20,2/19/2019 10:21,0,,100,52,1,2/19/2019 10:21,R_VQnhUyXpb40dawx,,,,,,,anonymous,EN,,,,,,,7,,27.75,28.751,29.384,2,,,,,,,,24,1,,5,,5,5,Attitude,,Attitude|attitude_retraction|attitude_time,
2/19/2019 10:14,2/19/2019 10:21,0,,100,427,1,2/19/2019 10:21,R_QbL3vboNPEiaZ5D,,,,,,,anonymous,EN,6,,13.735,175.797,176.857,3,,,,,,,,,,,,,,65,2,,5,,3,5,Modal,modal|modal_retraction|MR_time,,
2/19/2019 10:21,2/19/2019 10:22,0,,100,42,1,2/19/2019 10:22,R_2zjpcEO5fe8JBGW,,,,,,,anonymous,EN,,,,,,,,,,,,,7,,2.807,2.807,3.686,1,,33,1,,2,,5,2,Non-modal,,,non-modal|non_retraction|non_time
2/19/2019 10:20,2/19/2019 10:22,0,,100,77,1,2/19/2019 10:22,R_2AZ1iDFQTYzThmx,,,,,,,anonymous,EN,6,,35.618,39.883,41.245,2,,,,,,,,,,,,,,39,2,,5,,5,4,Modal,modal|modal_retraction|MR_time,,
2/19/2019 10:21,2/19/2019 10:22,0,,100,54,1,2/19/2019 10:22,R_2UXVcWQj8LjJAos,,,,,,,anonymous,EN,,,,,,,,7,21.669,23.363,28.062,3,,,,,,,,28,1,,5,,2,9,Attitude,,Attitude|attitude_falsity|attitude_time,
2/19/2019 10:21,2/19/2019 10:23,0,,100,87,1,2/19/2019 10:23,R_3GBvv3aygXPxn0Q,,,,,,,anonymous,EN,,,,,,,,,,,,,5,,39.348,39.348,40.708,1,,52,2,,5,,5,7,Non-modal,,,non-modal|non_retraction|non_time
2/19/2019 10:20,2/19/2019 10:23,0,,100,135,1,2/19/2019 10:23,R_1mWsRMMGRoTcYge,,,,,,,anonymous,EN,,6,30.707,30.707,37.639,1,,,,,,,,,,,,,,30,1,,2,,8,5,Modal,modal|modal_falsity|MR_time,,
2/19/2019 10:20,2/19/2019 10:23,0,,100,149,1,2/19/2019 10:23,R_e5PxiV03Snujcw9,,,,,,,anonymous,EN,,,,,,,,,,,,,,7,88.77,90.166,90.492,3,,27,1,,5,,4,5,Non-modal,,,non-modal|non_falsity|non_time
2/19/2019 10:23,2/19/2019 10:23,0,,100,25,1,2/19/2019 10:23,R_2UXi3yGnwphRoMJ,,,,,,,anonymous,EN,,,,,,,,,,,,,,5,0.797,3.134,4.101,4,,29,1,,5,,5,6,Non-modal,,,non-modal|non_falsity|non_time
2/19/2019 10:22,2/19/2019 10:23,0,,100,65,1,2/19/2019 10:23,R_2TZ9VA3Eg0LonjW,,,,,,,anonymous,EN,,,,,,,,5,15.315,15.803,16.594,2,,,,,,,,31,1,,5,,4,8,Attitude,,Attitude|attitude_falsity|attitude_time,
2/19/2019 10:22,2/19/2019 10:24,0,,100,73,1,2/19/2019 10:24,R_2fBO3SN2Te63k3D,,,,,,,anonymous,EN,,,,,,,7,,1.836,24.634,25.89,6,,,,,,,,32,1,,5,,4,6,Attitude,,Attitude|attitude_retraction|attitude_time,
2/19/2019 10:22,2/19/2019 10:24,0,,100,127,1,2/19/2019 10:24,R_2YgqEUdIYWxrS9o,,,,,,,anonymous,EN,,1,47.204,60.645,64.126,3,,,,,,,,,,,,,,30,2,,6,mixed,4,8,Modal,modal|modal_falsity|MR_time,,
2/19/2019 10:23,2/19/2019 10:24,0,,100,63,1,2/19/2019 10:24,R_1QcF186oMTSaqcP,,,,,,,anonymous,EN,7,,26.233,28.823,29.706,4,,,,,,,,,,,,,,43,1,,3,,6,5,Modal,modal|modal_retraction|MR_time,,
2/19/2019 10:24,2/19/2019 10:24,0,,100,38,1,2/19/2019 10:24,R_2QtdhXY84327wNv,,,,,,,anonymous,EN,,1,15.169,16.8,17.519,5,,,,,,,,,,,,,,35,1,,5,,8,6,Modal,modal|modal_falsity|MR_time,,
2/19/2019 10:23,2/19/2019 10:24,0,,100,53,1,2/19/2019 10:24,R_1gj8tFFQblMJgb8,,,,,,,anonymous,EN,,,,,,,,,,,,,,7,1.003,30.177,30.7,10,,27,1,,5,,4,7,Non-modal,,,non-modal|non_falsity|non_time
2/19/2019 10:19,2/19/2019 10:25,0,,100,350,1,2/19/2019 10:25,R_OuHcXysnN1Ism2d,,,,,,,anonymous,EN,,,,,,,,,,,,,7,,4.183,257.943,265.018,7,,28,1,,3,,2,7,Non-modal,,,non-modal|non_retraction|non_time
2/19/2019 10:24,2/19/2019 10:25,0,,100,28,1,2/19/2019 10:25,R_2eQqJq4MIkn6OEM,,,,,,,anonymous,EN,,,,,,,,3,12.458,13.418,14.31,2,,,,,,,,31,2,,5,,5,6,Attitude,,Attitude|attitude_falsity|attitude_time,
2/19/2019 10:24,2/19/2019 10:25,0,,100,70,1,2/19/2019 10:25,R_2U48xyDkWY6mJ8J,,,,,,,anonymous,EN,,,,,,,6,,32.343,39.128,40.589,2,,,,,,,,30,1,,5,,6,5,Attitude,,Attitude|attitude_retraction|attitude_time,
2/19/2019 10:25,2/19/2019 10:25,0,,100,25,1,2/19/2019 10:25,R_1DLTpUDvIZu4vvl,,,,,,,anonymous,EN,,,,,,,,,,,,,7,,3.2,3.2,4.052,1,,31,1,,5,,4,8,Non-modal,,,non-modal|non_retraction|non_time
2/19/2019 10:25,2/19/2019 10:26,0,,100,60,1,2/19/2019 10:26,R_2tmvuNFVimh1duZ,,,,,,,anonymous,EN,6,,21.666,22.91,23.693,7,,,,,,,,,,,,,,26,1,,5,,5,5,Modal,modal|modal_retraction|MR_time,,
2/19/2019 10:24,2/19/2019 10:26,0,,100,88,1,2/19/2019 10:26,R_32ViH2WbiPpbXlH,,,,,,,anonymous,EN,,,,,,,,,,,,,7,,5.253,36.092,54.181,4,,38,1,,5,,2,8,Non-modal,,,non-modal|non_retraction|non_time
2/19/2019 10:25,2/19/2019 10:26,0,,100,41,1,2/19/2019 10:26,R_3Pq5DPUoLCuMnIK,,,,,,,anonymous,EN,,5,14.142,15.911,16.327,2,,,,,,,,,,,,,,30,1,,1,,4,6,Modal,modal|modal_falsity|MR_time,,
2/19/2019 10:25,2/19/2019 10:26,0,,100,26,1,2/19/2019 10:26,R_24pKzlMNsOfR9IB,,,,,,,anonymous,EN,,,,,,,,6,9.559,9.559,10.141,1,,,,,,,,27,2,,5,,5,5,Attitude,,Attitude|attitude_falsity|attitude_time,
2/19/2019 10:25,2/19/2019 10:26,0,,100,55,1,2/19/2019 10:26,R_331sBOdH5QsIG3k,,,,,,,anonymous,EN,6,,28.799,28.799,30.196,1,,,,,,,,,,,,,,32,1,,5,,3,6,Modal,modal|modal_retraction|MR_time,,
2/19/2019 10:26,2/19/2019 10:26,0,,100,23,1,2/19/2019 10:26,R_1LuRn71hHL9xHPn,,,,,,,anonymous,EN,,,,,,,,,,,,,,4,1.209,4.817,5.476,4,,24,2,,1,,4,7,Non-modal,,,non-modal|non_falsity|non_time
2/19/2019 10:25,2/19/2019 10:27,0,,100,137,1,2/19/2019 10:27,R_elXqJPCukT3YN0J,,,,,,,anonymous,EN,,,,,,,6,,42.951,42.951,44.821,1,,,,,,,,26,2,,5,,6,3,Attitude,,Attitude|attitude_retraction|attitude_time,
2/19/2019 10:26,2/19/2019 10:27,0,,100,68,1,2/19/2019 10:27,R_2wiDLazF1fBktB3,,,,,,,anonymous,EN,,,,,,,,,,,,,,6,40.332,40.332,41.861,1,,66,1,,5,,2,7,Non-modal,,,non-modal|non_falsity|non_time
2/19/2019 10:26,2/19/2019 10:27,0,,100,74,1,2/19/2019 10:27,R_2Qupcfer9nwhw6Z,,,,,,,anonymous,EN,,1,26.93,26.93,29.519,1,,,,,,,,,,,,,,36,1,,5,,2,8,Modal,modal|modal_falsity|MR_time,,
2/19/2019 10:27,2/19/2019 10:28,0,,100,63,1,2/19/2019 10:28,R_Dxcaqz5vfugCDXH,,,,,,,anonymous,EN,,,,,,,7,,1.28,41.054,41.664,9,,,,,,,,29,1,,3,,5,5,Attitude,,Attitude|attitude_retraction|attitude_time,
2/19/2019 10:27,2/19/2019 10:28,0,,100,62,1,2/19/2019 10:28,R_22tr8QEvfjYlYo3,,,,,,,anonymous,EN,,,,,,,,,,,,,7,,24.906,24.906,25.722,1,,35,1,,5,,5,8,Non-modal,,,non-modal|non_retraction|non_time
2/19/2019 10:27,2/19/2019 10:29,0,,100,101,1,2/19/2019 10:29,R_1nUPsmIdL27Tjwg,,,,,,,anonymous,EN,,,,,,,,7,2.029,4.911,5.944,3,,,,,,,,30,1,,1,,6,6,Attitude,,Attitude|attitude_falsity|attitude_time,
2/19/2019 10:29,2/19/2019 10:29,0,,100,34,1,2/19/2019 10:29,R_2PcF1HWiv4KX5U0,,,,,,,anonymous,EN,7,,1.909,2.388,3.022,2,,,,,,,,,,,,,,32,2,,5,,4,9,Modal,modal|modal_retraction|MR_time,,
2/19/2019 10:31,2/19/2019 10:32,0,,100,82,1,2/19/2019 10:32,R_2uK6RNaxuUjXHzZ,,,,,,,anonymous,EN,7,,42.025,42.025,49.472,1,,,,,,,,,,,,,,40,1,,5,,5,6,Modal,modal|modal_retraction|MR_time,,
2/19/2019 10:32,2/19/2019 10:33,0,,100,30,1,2/19/2019 10:33,R_3NxlxjfCdhP2J0h,,,,,,,anonymous,EN,,,,,,,5,,5.517,12.517,13.296,2,,,,,,,,48,2,,5,,5,4,Attitude,,Attitude|attitude_retraction|attitude_time,
2/19/2019 10:36,2/19/2019 10:36,0,,100,51,1,2/19/2019 10:36,R_3EszTmmP7eEfCNV,,,,,,,anonymous,EN,,,,,,,,,,,,,,7,18.266,18.665,18.994,2,,36,2,,5,,5,8,Non-modal,,,non-modal|non_falsity|non_time
2/19/2019 10:33,2/19/2019 10:37,0,,100,217,1,2/19/2019 10:37,R_2BfjWLKzCH6Zsep,,,,,,,anonymous,EN,,1,9.936,14.017,15.136,3,,,,,,,,,,,,,,26,2,,2,,5,6,Modal,modal|modal_falsity|MR_time,,
2/19/2019 10:38,2/19/2019 10:39,0,,100,80,1,2/19/2019 10:40,R_1rjNiLvamkeMH9u,,,,,,,anonymous,EN,,,,,,,,5,32.712,32.712,39.76,1,,,,,,,,40,2,,5,,5,3,Attitude,,Attitude|attitude_falsity|attitude_time,
